Pesticide,REI
26019 Flo Fungicide,12
Companion,4
Daconil WeatherStik,12
Durham Metaldehyde Granules with EPA 5481-91,12
Eagle 20 EW,24
Empress,12
Floxcor,12
Fortress,12
Gallery SC,12
Micora Fungicide,4
Orthene,24
Segovis,4
Segway O,12
Siskin,24
Speedzone Southern,48
Subdue G,48
T-Bird Fungicide,12
3336F,12
Adorn,12
Aliette WDG,12
Avid 0.15 EC,12
Kontos,24
Mainspring GNL,4
Terraguard SC,12
Medallion WDG,12
Lebanon treflan 5g*,12
Pageant Intrinsic,12
Subdue Maxx,0
Heritage,4
Milstop SP,1
Cease,4
Obtego,4
Suffoil-X,4
Trilogy,4
M-Pede,12
MycoApply - Endo,0
MycoApply - Ultrafine Endo,0
MycoApply - Ultrafine Endo/Ecto,0
Rootshield Plus WP,4
Seaweed A+E,0
Snapshot 2.5 TG,12
Freehand,12
Marengo G,12
Lifeline,12
Sedgehammer,12
Ranger Pro,12
Scythe Herbicide,12
Azatin O,4
Dipel Pro DF,4
Botanigard 22 WP,4
Evergreen,12
Conserve SC,4
Seduce,4
Talstar Nursery granular,12
Talstar S-Select Insecticide,12
Maxforce complete,0
Advion Fire Ant Bait,0
Gnatrol WDG,4
EpiShield,0
Ecotec,0
Sluggo,0
Hot Sauce,0
Sumagicl,12
KleenGrow,0
ZeroTol 2.0,0
